[{"model": "contenttypes.contenttype", "pk": 1, "fields": {"app_label": "admin", "model": "logentry"}}, {"model": "contenttypes.contenttype", "pk": 2, "fields": {"app_label": "auth", "model": "permission"}}, {"model": "contenttypes.contenttype", "pk": 3, "fields": {"app_label": "auth", "model": "group"}}, {"model": "contenttypes.contenttype", "pk": 4, "fields": {"app_label": "auth", "model": "user"}}, {"model": "contenttypes.contenttype", "pk": 5, "fields": {"app_label": "contenttypes", "model": "contenttype"}}, {"model": "contenttypes.contenttype", "pk": 6, "fields": {"app_label": "sessions", "model": "session"}}, {"model": "contenttypes.contenttype", "pk": 7, "fields": {"app_label": "report_data", "model": "reportfile"}}, {"model": "contenttypes.contenttype", "pk": 8, "fields": {"app_label": "report_data", "model": "reportfileversion"}}, {"model": "contenttypes.contenttype", "pk": 9, "fields": {"app_label": "mitigation_action", "model": "contact"}}, {"model": "contenttypes.contenttype", "pk": 10, "fields": {"app_label": "mitigation_action", "model": "finance"}}, {"model": "contenttypes.contenttype", "pk": 11, "fields": {"app_label": "mitigation_action", "model": "geographicscale"}}, {"model": "contenttypes.contenttype", "pk": 12, "fields": {"app_label": "mitigation_action", "model": "ingeicompliance"}}, {"model": "contenttypes.contenttype", "pk": 13, "fields": {"app_label": "mitigation_action", "model": "institution"}}, {"model": "contenttypes.contenttype", "pk": 14, "fields": {"app_label": "mitigation_action", "model": "location"}}, {"model": "contenttypes.contenttype", "pk": 15, "fields": {"app_label": "mitigation_action", "model": "progressindicator"}}, {"model": "contenttypes.contenttype", "pk": 16, "fields": {"app_label": "mitigation_action", "model": "registrationtype"}}, {"model": "contenttypes.contenttype", "pk": 17, "fields": {"app_label": "mitigation_action", "model": "status"}}, {"model": "contenttypes.contenttype", "pk": 18, "fields": {"app_label": "mitigation_action", "model": "mitigation"}}, {"model": "contenttypes.contenttype", "pk": 19, "fields": {"app_label": "mitigation_action", "model": "changelog"}}, {"model": "contenttypes.contenttype", "pk": 20, "fields": {"app_label": "mitigation_action", "model": "financesourcetype"}}, {"model": "contenttypes.contenttype", "pk": 21, "fields": {"app_label": "mitigation_action", "model": "maworkflowstep"}}, {"model": "contenttypes.contenttype", "pk": 22, "fields": {"app_label": "mitigation_action", "model": "maworkflowstepfile"}}, {"model": "contenttypes.contenttype", "pk": 23, "fields": {"app_label": "mitigation_action", "model": "initiative"}}, {"model": "contenttypes.contenttype", "pk": 24, "fields": {"app_label": "mitigation_action", "model": "initiativetype"}}, {"model": "contenttypes.contenttype", "pk": 25, "fields": {"app_label": "workflow", "model": "comment"}}, {"model": "contenttypes.contenttype", "pk": 26, "fields": {"app_label": "workflow", "model": "reviewstatus"}}, {"model": "contenttypes.contenttype", "pk": 27, "fields": {"app_label": "mccr", "model": "mccrfile"}}, {"model": "contenttypes.contenttype", "pk": 28, "fields": {"app_label": "mccr", "model": "mccrregistry"}}, {"model": "contenttypes.contenttype", "pk": 29, "fields": {"app_label": "mccr", "model": "mccrusertype"}}, {"model": "contenttypes.contenttype", "pk": 30, "fields": {"app_label": "mccr", "model": "mccrregistryovvrelation"}}, {"model": "contenttypes.contenttype", "pk": 31, "fields": {"app_label": "mccr", "model": "ovv"}}, {"model": "contenttypes.contenttype", "pk": 32, "fields": {"app_label": "mccr", "model": "changelog"}}, {"model": "contenttypes.contenttype", "pk": 33, "fields": {"app_label": "mccr", "model": "mccrworkflowstep"}}, {"model": "contenttypes.contenttype", "pk": 34, "fields": {"app_label": "mccr", "model": "mccrworkflowstepfile"}}, {"model": "contenttypes.contenttype", "pk": 35, "fields": {"app_label": "ppcn", "model": "emissionfactor"}}, {"model": "contenttypes.contenttype", "pk": 36, "fields": {"app_label": "ppcn", "model": "inventorymethodology"}}, {"model": "contenttypes.contenttype", "pk": 37, "fields": {"app_label": "ppcn", "model": "organization"}}, {"model": "contenttypes.contenttype", "pk": 38, "fields": {"app_label": "ppcn", "model": "plusaction"}}, {"model": "contenttypes.contenttype", "pk": 39, "fields": {"app_label": "ppcn", "model": "potentialglobalwarming"}}, {"model": "contenttypes.contenttype", "pk": 40, "fields": {"app_label": "ppcn", "model": "quantifiedgas"}}, {"model": "contenttypes.contenttype", "pk": 41, "fields": {"app_label": "ppcn", "model": "geiorganization"}}, {"model": "contenttypes.contenttype", "pk": 42, "fields": {"app_label": "ppcn", "model": "recognitiontype"}}, {"model": "contenttypes.contenttype", "pk": 43, "fields": {"app_label": "ppcn", "model": "requiredlevel"}}, {"model": "contenttypes.contenttype", "pk": 44, "fields": {"app_label": "ppcn", "model": "sector"}}, {"model": "contenttypes.contenttype", "pk": 45, "fields": {"app_label": "ppcn", "model": "subsector"}}, {"model": "contenttypes.contenttype", "pk": 46, "fields": {"app_label": "ppcn", "model": "geographiclevel"}}, {"model": "contenttypes.contenttype", "pk": 47, "fields": {"app_label": "ppcn", "model": "ppcnfile"}}, {"model": "contenttypes.contenttype", "pk": 48, "fields": {"app_label": "ppcn", "model": "ppcn"}}, {"model": "contenttypes.contenttype", "pk": 49, "fields": {"app_label": "ppcn", "model": "ppcnworkflowstep"}}, {"model": "contenttypes.contenttype", "pk": 50, "fields": {"app_label": "ppcn", "model": "ppcnworkflowstepfile"}}, {"model": "contenttypes.contenttype", "pk": 51, "fields": {"app_label": "ppcn", "model": "changelog"}}, {"model": "mitigation_action.registrationtype", "pk": 5, "fields": {"type_key": "new", "type_es": "Inscripci\u00f3n por primera vez", "type_en": "Registration for the first time"}}, {"model": "mitigation_action.registrationtype", "pk": 6, "fields": {"type_key": "update", "type_es": "Actualizacio\u0301n de informacio\u0301n de accio\u0301n de mitigacio\u0301n", "type_en": "Update of mitigation action information"}}, {"model": "mitigation_action.institution", "pk": 1, "fields": {"name": "MINAE"}}, {"model": "mitigation_action.institution", "pk": 2, "fields": {"name": "SINAMECC"}}, {"model": "mitigation_action.contact", "pk": 1, "fields": {"full_name": "adasda", "job_title": "adssda", "email": "jasdsa@asd.com", "phone": "3223243423"}}, {"model": "mitigation_action.contact", "pk": 2, "fields": {"full_name": "bar", "job_title": "12312313", "email": "jasdsa@asd.com", "phone": "12312131"}}, {"model": "mitigation_action.status", "pk": 4, "fields": {"status_es": "Planeacio\u0301n", "status_en": "Planning"}}, {"model": "mitigation_action.status", "pk": 5, "fields": {"status_es": "Implementacio\u0301n", "status_en": "Implementation"}}, {"model": "mitigation_action.status", "pk": 6, "fields": {"status_es": "Finalizada", "status_en": "Completed"}}, {"model": "mitigation_action.progressindicator", "pk": 1, "fields": {"name": "asddass", "type": "adsasddad", "unit": "asddasads", "start_date": "2018-07-01"}}, {"model": "mitigation_action.progressindicator", "pk": 2, "fields": {"name": "asasdds", "type": "asdas", "unit": "asddasads", "start_date": "2018-07-01"}}, {"model": "mitigation_action.financesourcetype", "pk": 3, "fields": {"name_es": "Por obtener", "name_en": "To obtain"}}, {"model": "mitigation_action.financesourcetype", "pk": 4, "fields": {"name_es": "Asegurado", "name_en": "Insured"}}, {"model": "mitigation_action.finance", "pk": 3, "fields": {"finance_source_type": 3, "source": "null"}}, {"model": "mitigation_action.finance", "pk": 4, "fields": {"finance_source_type": 3, "source": "null"}}, {"model": "mitigation_action.ingeicompliance", "pk": 4, "fields": {"name_es": "Agricultura, silvicultura y otros usos de la tierra (AFOLU)", "name_en": "Agriculture, forestry and other land uses"}}, {"model": "mitigation_action.ingeicompliance", "pk": 5, "fields": {"name_es": "Procesos industriales y uso de productos", "name_en": "Industrial processes and use of products"}}, {"model": "mitigation_action.ingeicompliance", "pk": 6, "fields": {"name_es": "Residuos", "name_en": "Residue"}}, {"model": "mitigation_action.geographicscale", "pk": 4, "fields": {"name_es": "Nacional", "name_en": "National"}}, {"model": "mitigation_action.geographicscale", "pk": 5, "fields": {"name_es": "Regional", "name_en": "Regional"}}, {"model": "mitigation_action.geographicscale", "pk": 6, "fields": {"name_es": "Local", "name_en": "Local"}}, {"model": "mitigation_action.location", "pk": 1, "fields": {"geographical_site": "asdda", "is_gis_annexed": false}}, {"model": "mitigation_action.location", "pk": 2, "fields": {"geographical_site": "das", "is_gis_annexed": false}}, {"model": "workflow.reviewstatus", "pk": 1, "fields": {"status": "submitted"}}, {"model": "workflow.reviewstatus", "pk": 2, "fields": {"status": "in-review"}}, {"model": "workflow.reviewstatus", "pk": 3, "fields": {"status": "on-change"}}, {"model": "workflow.reviewstatus", "pk": 4, "fields": {"status": "approved"}}, {"model": "workflow.reviewstatus", "pk": 5, "fields": {"status": "rejected"}}, {"model": "mccr.mccrusertype", "pk": 1, "fields": {"name": "Registrator"}}, {"model": "mccr.mccrusertype", "pk": 2, "fields": {"name": "Reviewer"}}, {"model": "mccr.ovv", "pk": 1, "fields": {"name": "Test backend OVV", "email": "myfake@email.com", "phone": "(506) 9309-2345", "created": "2018-10-21T18:57:20.815Z", "updated": "2018-10-21T18:57:20.815Z"}}, {"model": "ppcn.geographiclevel", "pk": 1, "fields": {"level_es": "Cantonal", "level_en": "Cantonal"}}, {"model": "ppcn.geographiclevel", "pk": 2, "fields": {"level_es": "Nacional", "level_en": "National"}}, {"model": "ppcn.requiredlevel", "pk": 1, "fields": {"level_type_es": "Solicitud inicial de incorporaci\u00f3n al PPCN", "level_type_en": "Initial Request to incorporate with PPCN"}}, {"model": "ppcn.requiredlevel", "pk": 2, "fields": {"level_type_es": "Mantenimiento en el PPCN", "level_type_en": "Maintenance to PPCN"}}, {"model": "ppcn.requiredlevel", "pk": 3, "fields": {"level_type_es": "Renovaci\u00f3n en el PPCN", "level_type_en": "Renovation in the PPCN"}}, {"model": "ppcn.recognitiontype", "pk": 1, "fields": {"recognition_type_es": "Carbono Inventario", "recognition_type_en": "Carbon Inventary"}}, {"model": "ppcn.recognitiontype", "pk": 2, "fields": {"recognition_type_es": "Carbono Reducci\u00f3n", "recognition_type_en": "Carbon Reduction"}}, {"model": "ppcn.recognitiontype", "pk": 3, "fields": {"recognition_type_es": "Carbono Reducci\u00f3n +", "recognition_type_en": "Carbon Reduction +"}}, {"model": "ppcn.recognitiontype", "pk": 4, "fields": {"recognition_type_es": "Carbono Neutral", "recognition_type_en": "Carbon Neutral"}}, {"model": "ppcn.recognitiontype", "pk": 5, "fields": {"recognition_type_es": "Carbono Neutral +", "recognition_type_en": "Carbon Neutral +"}}, {"model": "ppcn.sector", "pk": 1, "fields": {"name_es": "Energ\u00eda", "name_en": "Energy", "geographicLevel": 2}}, {"model": "ppcn.sector", "pk": 2, "fields": {"name_es": "Procesos Industriales", "name_en": "Industrial Processes", "geographicLevel": 2}}, {"model": "ppcn.sector", "pk": 3, "fields": {"name_es": "Agricultura", "name_en": "Agriculture", "geographicLevel": 2}}, {"model": "ppcn.sector", "pk": 4, "fields": {"name_es": "Residuos", "name_en": "Waste", "geographicLevel": 2}}, {"model": "ppcn.sector", "pk": 5, "fields": {"name_es": "Uso de Suelo, Cambio de Suelo y Silvicultura (USCUSyS)", "name_en": "Land Use, Land Change and Forestry (USCUSyS)", "geographicLevel": 2}}, {"model": "ppcn.sector", "pk": 6, "fields": {"name_es": "Energ\u00eda Estacionaria", "name_en": "Stationary Energy", "geographicLevel": 1}}, {"model": "ppcn.sector", "pk": 7, "fields": {"name_es": "Transporte", "name_en": "Transport", "geographicLevel": 1}}, {"model": "ppcn.sector", "pk": 8, "fields": {"name_es": "Residuos", "name_en": "Waste", "geographicLevel": 1}}, {"model": "ppcn.sector", "pk": 9, "fields": {"name_es": "Agricultura, Silvicultura y Otros Usos de la Tierra", "name_en": "Agriculture, Forestry and Other Uses of the Earth", "geographicLevel": 1}}, {"model": "ppcn.subsector", "pk": 1, "fields": {"name_es": "Consumo de combustibles f\u00f3siles", "name_en": "Consumption of fossil fuels", "sector": 1}}, {"model": "ppcn.subsector", "pk": 2, "fields": {"name_es": "Emisiones fugitivas", "name_en": "Fugitive emissions", "sector": 1}}, {"model": "ppcn.subsector", "pk": 3, "fields": {"name_es": "Emisiones GEI por quema de biomasa", "name_en": "GEI emissions from burning biomass", "sector": 1}}, {"model": "ppcn.subsector", "pk": 4, "fields": {"name_es": "Distribuci\u00f3n de energ\u00eda", "name_en": "Energy Distribution", "sector": 1}}, {"model": "ppcn.subsector", "pk": 5, "fields": {"name_es": "Productos materiales", "name_en": "Material products", "sector": 2}}, {"model": "ppcn.subsector", "pk": 6, "fields": {"name_es": "Industria qu\u00edmica", "name_en": "Chemistry Industry", "sector": 2}}, {"model": "ppcn.subsector", "pk": 7, "fields": {"name_es": "Producci\u00f3n de metales", "name_en": "Metal production", "sector": 2}}, {"model": "ppcn.subsector", "pk": 8, "fields": {"name_es": "Otros procesos industriales", "name_en": "Other industrial processes", "sector": 2}}, {"model": "ppcn.subsector", "pk": 9, "fields": {"name_es": "Producci\u00f3n de halocarbonos y hexafloruro de azufre", "name_en": "Production of halocarbons and sulfur hexafluoride", "sector": 2}}, {"model": "ppcn.subsector", "pk": 10, "fields": {"name_es": "Consumo de halocarbonos y haxafloruro de azufre", "name_en": "Consumption of halocarbons and sulfur hexafluoride", "sector": 2}}, {"model": "ppcn.subsector", "pk": 11, "fields": {"name_es": "Fermentaci\u00f3n ent\u00e9rica", "name_en": "Enteric fermentation", "sector": 3}}, {"model": "ppcn.subsector", "pk": 12, "fields": {"name_es": "Manejo de esti\u00e9rcol", "name_en": "Manure management", "sector": 3}}, {"model": "ppcn.subsector", "pk": 13, "fields": {"name_es": "Cultivo del arroz", "name_en": "Rice cultivation", "sector": 3}}, {"model": "ppcn.subsector", "pk": 14, "fields": {"name_es": "Suelos agr\u00edcolas", "name_en": "Agricultural soils", "sector": 3}}, {"model": "ppcn.subsector", "pk": 15, "fields": {"name_es": "Quemas programadas de suelos", "name_en": "Scheduled burns of floors", "sector": 3}}, {"model": "ppcn.subsector", "pk": 16, "fields": {"name_es": "Quema in situ de residuos agr\u00edcolas", "name_en": "On-site burning of agricultural wastee", "sector": 3}}, {"model": "ppcn.subsector", "pk": 17, "fields": {"name_es": "Disposici\u00f3n de residuos s\u00f3lidos en suelo", "name_en": "Disposal of solid waste in soil", "sector": 4}}, {"model": "ppcn.subsector", "pk": 18, "fields": {"name_es": "Manejo y tratamiento de aguas residuales", "name_en": "Wastewater treatment and treatment", "sector": 4}}, {"model": "ppcn.subsector", "pk": 19, "fields": {"name_es": "Incineraci\u00f3n de residuos", "name_en": "Waste incineration", "sector": 4}}, {"model": "ppcn.subsector", "pk": 20, "fields": {"name_es": "Tierras", "name_en": "Lands", "sector": 5}}, {"model": "ppcn.subsector", "pk": 21, "fields": {"name_es": "Edificios residenciales", "name_en": "Residential buildings", "sector": 6}}, {"model": "ppcn.subsector", "pk": 22, "fields": {"name_es": "Edificios e instalaciones comerciales e institucionales", "name_en": "Commercial and institutional buildings and facilities", "sector": 6}}, {"model": "ppcn.subsector", "pk": 23, "fields": {"name_es": "Construcci\u00f3n e industrias manufactureras", "name_en": "Construction and manufacturing industries", "sector": 6}}, {"model": "ppcn.subsector", "pk": 24, "fields": {"name_es": "Industrias energ\u00e9ticas", "name_en": "Energy industries", "sector": 6}}, {"model": "ppcn.subsector", "pk": 25, "fields": {"name_es": "Actividades agr\u00edcolas, de silvicultura y de pesca", "name_en": "Agricultural, forestry and fishing activities", "sector": 6}}, {"model": "ppcn.subsector", "pk": 26, "fields": {"name_es": "Fuentes no especificadas", "name_en": "Unspecified sources", "sector": 6}}, {"model": "ppcn.subsector", "pk": 27, "fields": {"name_es": "Emisiones fugitivas provenientes de la miner\u00eda, el procesamiento, el almacenamiento y el transporte de carb\u00f3n", "name_en": "Fugitive emissions from coal mining, processing, storage and transportation", "sector": 6}}, {"model": "ppcn.subsector", "pk": 28, "fields": {"name_es": "Emisiones fugitivas provenientes de los sistemas de petr\u00f3leo y gas natural", "name_en": "Fugitive emissions from oil and natural gas systems", "sector": 6}}, {"model": "ppcn.subsector", "pk": 29, "fields": {"name_es": "Por carretera", "name_en": "By highway", "sector": 7}}, {"model": "ppcn.subsector", "pk": 30, "fields": {"name_es": "Ferroviario", "name_en": "Ferroviario", "sector": 7}}, {"model": "ppcn.subsector", "pk": 31, "fields": {"name_es": "Navegaci\u00f3n mar\u00edtima, fluvial y lacustre", "name_en": "Maritime, fluvial and lacustrine navigation", "sector": 7}}, {"model": "ppcn.subsector", "pk": 32, "fields": {"name_es": "Aviaci\u00f3n", "name_en": "Aviation", "sector": 7}}, {"model": "ppcn.subsector", "pk": 33, "fields": {"name_es": "Fuera de carretera", "name_en": "Off road", "sector": 7}}, {"model": "ppcn.subsector", "pk": 34, "fields": {"name_es": "Disposici\u00f3n de residuos s\u00f3lidos generados en la ciudad", "name_en": "Disposal of solid waste generated in the city", "sector": 8}}, {"model": "ppcn.subsector", "pk": 35, "fields": {"name_es": "Tratamiento biol\u00f3gico de residuos generados en la ciudad", "name_en": "Biological treatment of waste generated in the city", "sector": 8}}, {"model": "ppcn.subsector", "pk": 36, "fields": {"name_es": "Incineraci\u00f3n y quema a cielo abierto de residuos generados en la ciudad", "name_en": "Incineration and open burning of waste generated in the city", "sector": 8}}, {"model": "ppcn.subsector", "pk": 37, "fields": {"name_es": "Aguas residuales generadas en la ciudad", "name_en": "Wastewater generated in the city", "sector": 8}}, {"model": "ppcn.subsector", "pk": 38, "fields": {"name_es": "Ganader\u00eda", "name_en": "Cattle raising", "sector": 9}}, {"model": "ppcn.subsector", "pk": 39, "fields": {"name_es": "Uso de la Tierra", "name_en": "Use of the Earth", "sector": 9}}, {"model": "ppcn.subsector", "pk": 40, "fields": {"name_es": "Fuentes agregadas y emisiones procedentes de fuentes del suelo distintas  al CO2", "name_en": "Aggregate sources and emissions from sources other than CO2", "sector": 9}}, {"model": "auth.permission", "pk": 1, "fields": {"name": "Can add log entry", "content_type": 1, "codename": "add_logentry"}}, {"model": "auth.permission", "pk": 2, "fields": {"name": "Can change log entry", "content_type": 1, "codename": "change_logentry"}}, {"model": "auth.permission", "pk": 3, "fields": {"name": "Can delete log entry", "content_type": 1, "codename": "delete_logentry"}}, {"model": "auth.permission", "pk": 4, "fields": {"name": "Can add permission", "content_type": 2, "codename": "add_permission"}}, {"model": "auth.permission", "pk": 5, "fields": {"name": "Can change permission", "content_type": 2, "codename": "change_permission"}}, {"model": "auth.permission", "pk": 6, "fields": {"name": "Can delete permission", "content_type": 2, "codename": "delete_permission"}}, {"model": "auth.permission", "pk": 7, "fields": {"name": "Can add group", "content_type": 3, "codename": "add_group"}}, {"model": "auth.permission", "pk": 8, "fields": {"name": "Can change group", "content_type": 3, "codename": "change_group"}}, {"model": "auth.permission", "pk": 9, "fields": {"name": "Can delete group", "content_type": 3, "codename": "delete_group"}}, {"model": "auth.permission", "pk": 10, "fields": {"name": "Can add user", "content_type": 4, "codename": "add_user"}}, {"model": "auth.permission", "pk": 11, "fields": {"name": "Can change user", "content_type": 4, "codename": "change_user"}}, {"model": "auth.permission", "pk": 12, "fields": {"name": "Can delete user", "content_type": 4, "codename": "delete_user"}}, {"model": "auth.permission", "pk": 13, "fields": {"name": "Can add content type", "content_type": 5, "codename": "add_contenttype"}}, {"model": "auth.permission", "pk": 14, "fields": {"name": "Can change content type", "content_type": 5, "codename": "change_contenttype"}}, {"model": "auth.permission", "pk": 15, "fields": {"name": "Can delete content type", "content_type": 5, "codename": "delete_contenttype"}}, {"model": "auth.permission", "pk": 16, "fields": {"name": "Can add session", "content_type": 6, "codename": "add_session"}}, {"model": "auth.permission", "pk": 17, "fields": {"name": "Can change session", "content_type": 6, "codename": "change_session"}}, {"model": "auth.permission", "pk": 18, "fields": {"name": "Can delete session", "content_type": 6, "codename": "delete_session"}}, {"model": "auth.permission", "pk": 19, "fields": {"name": "Can add ReportFile", "content_type": 7, "codename": "add_reportfile"}}, {"model": "auth.permission", "pk": 20, "fields": {"name": "Can change ReportFile", "content_type": 7, "codename": "change_reportfile"}}, {"model": "auth.permission", "pk": 21, "fields": {"name": "Can delete ReportFile", "content_type": 7, "codename": "delete_reportfile"}}, {"model": "auth.permission", "pk": 22, "fields": {"name": "Can add ReportFileVersion", "content_type": 8, "codename": "add_reportfileversion"}}, {"model": "auth.permission", "pk": 23, "fields": {"name": "Can change ReportFileVersion", "content_type": 8, "codename": "change_reportfileversion"}}, {"model": "auth.permission", "pk": 24, "fields": {"name": "Can delete ReportFileVersion", "content_type": 8, "codename": "delete_reportfileversion"}}, {"model": "auth.permission", "pk": 25, "fields": {"name": "Can add Contact", "content_type": 9, "codename": "add_contact"}}, {"model": "auth.permission", "pk": 26, "fields": {"name": "Can change Contact", "content_type": 9, "codename": "change_contact"}}, {"model": "auth.permission", "pk": 27, "fields": {"name": "Can delete Contact", "content_type": 9, "codename": "delete_contact"}}, {"model": "auth.permission", "pk": 28, "fields": {"name": "Can add Finance", "content_type": 10, "codename": "add_finance"}}, {"model": "auth.permission", "pk": 29, "fields": {"name": "Can change Finance", "content_type": 10, "codename": "change_finance"}}, {"model": "auth.permission", "pk": 30, "fields": {"name": "Can delete Finance", "content_type": 10, "codename": "delete_finance"}}, {"model": "auth.permission", "pk": 31, "fields": {"name": "Can add GeographicScale", "content_type": 11, "codename": "add_geographicscale"}}, {"model": "auth.permission", "pk": 32, "fields": {"name": "Can change GeographicScale", "content_type": 11, "codename": "change_geographicscale"}}, {"model": "auth.permission", "pk": 33, "fields": {"name": "Can delete GeographicScale", "content_type": 11, "codename": "delete_geographicscale"}}, {"model": "auth.permission", "pk": 34, "fields": {"name": "Can add IngeiCompliance", "content_type": 12, "codename": "add_ingeicompliance"}}, {"model": "auth.permission", "pk": 35, "fields": {"name": "Can change IngeiCompliance", "content_type": 12, "codename": "change_ingeicompliance"}}, {"model": "auth.permission", "pk": 36, "fields": {"name": "Can delete IngeiCompliance", "content_type": 12, "codename": "delete_ingeicompliance"}}, {"model": "auth.permission", "pk": 37, "fields": {"name": "Can add Institution", "content_type": 13, "codename": "add_institution"}}, {"model": "auth.permission", "pk": 38, "fields": {"name": "Can change Institution", "content_type": 13, "codename": "change_institution"}}, {"model": "auth.permission", "pk": 39, "fields": {"name": "Can delete Institution", "content_type": 13, "codename": "delete_institution"}}, {"model": "auth.permission", "pk": 40, "fields": {"name": "Can add Location", "content_type": 14, "codename": "add_location"}}, {"model": "auth.permission", "pk": 41, "fields": {"name": "Can change Location", "content_type": 14, "codename": "change_location"}}, {"model": "auth.permission", "pk": 42, "fields": {"name": "Can delete Location", "content_type": 14, "codename": "delete_location"}}, {"model": "auth.permission", "pk": 43, "fields": {"name": "Can add ProgressIndicator", "content_type": 15, "codename": "add_progressindicator"}}, {"model": "auth.permission", "pk": 44, "fields": {"name": "Can change ProgressIndicator", "content_type": 15, "codename": "change_progressindicator"}}, {"model": "auth.permission", "pk": 45, "fields": {"name": "Can delete ProgressIndicator", "content_type": 15, "codename": "delete_progressindicator"}}, {"model": "auth.permission", "pk": 46, "fields": {"name": "Can add RegistrationType", "content_type": 16, "codename": "add_registrationtype"}}, {"model": "auth.permission", "pk": 47, "fields": {"name": "Can change RegistrationType", "content_type": 16, "codename": "change_registrationtype"}}, {"model": "auth.permission", "pk": 48, "fields": {"name": "Can delete RegistrationType", "content_type": 16, "codename": "delete_registrationtype"}}, {"model": "auth.permission", "pk": 49, "fields": {"name": "Can add Status", "content_type": 17, "codename": "add_status"}}, {"model": "auth.permission", "pk": 50, "fields": {"name": "Can change Status", "content_type": 17, "codename": "change_status"}}, {"model": "auth.permission", "pk": 51, "fields": {"name": "Can delete Status", "content_type": 17, "codename": "delete_status"}}, {"model": "auth.permission", "pk": 52, "fields": {"name": "Can add MitigationAccess", "content_type": 18, "codename": "add_mitigation"}}, {"model": "auth.permission", "pk": 53, "fields": {"name": "Can change MitigationAccess", "content_type": 18, "codename": "change_mitigation"}}, {"model": "auth.permission", "pk": 54, "fields": {"name": "Can delete MitigationAccess", "content_type": 18, "codename": "delete_mitigation"}}, {"model": "auth.permission", "pk": 55, "fields": {"name": "Can add ChangeLog", "content_type": 19, "codename": "add_changelog"}}, {"model": "auth.permission", "pk": 56, "fields": {"name": "Can change ChangeLog", "content_type": 19, "codename": "change_changelog"}}, {"model": "auth.permission", "pk": 57, "fields": {"name": "Can delete ChangeLog", "content_type": 19, "codename": "delete_changelog"}}, {"model": "auth.permission", "pk": 58, "fields": {"name": "Can add FinanceSourceType", "content_type": 20, "codename": "add_financesourcetype"}}, {"model": "auth.permission", "pk": 59, "fields": {"name": "Can change FinanceSourceType", "content_type": 20, "codename": "change_financesourcetype"}}, {"model": "auth.permission", "pk": 60, "fields": {"name": "Can delete FinanceSourceType", "content_type": 20, "codename": "delete_financesourcetype"}}, {"model": "auth.permission", "pk": 61, "fields": {"name": "Can add Workflow Step", "content_type": 21, "codename": "add_maworkflowstep"}}, {"model": "auth.permission", "pk": 62, "fields": {"name": "Can change Workflow Step", "content_type": 21, "codename": "change_maworkflowstep"}}, {"model": "auth.permission", "pk": 63, "fields": {"name": "Can delete Workflow Step", "content_type": 21, "codename": "delete_maworkflowstep"}}, {"model": "auth.permission", "pk": 64, "fields": {"name": "Can add Workflow Step File", "content_type": 22, "codename": "add_maworkflowstepfile"}}, {"model": "auth.permission", "pk": 65, "fields": {"name": "Can change Workflow Step File", "content_type": 22, "codename": "change_maworkflowstepfile"}}, {"model": "auth.permission", "pk": 66, "fields": {"name": "Can delete Workflow Step File", "content_type": 22, "codename": "delete_maworkflowstepfile"}}, {"model": "auth.permission", "pk": 67, "fields": {"name": "Can add Initiative", "content_type": 23, "codename": "add_initiative"}}, {"model": "auth.permission", "pk": 68, "fields": {"name": "Can change Initiative", "content_type": 23, "codename": "change_initiative"}}, {"model": "auth.permission", "pk": 69, "fields": {"name": "Can delete Initiative", "content_type": 23, "codename": "delete_initiative"}}, {"model": "auth.permission", "pk": 70, "fields": {"name": "Can add InitiativeType", "content_type": 24, "codename": "add_initiativetype"}}, {"model": "auth.permission", "pk": 71, "fields": {"name": "Can change InitiativeType", "content_type": 24, "codename": "change_initiativetype"}}, {"model": "auth.permission", "pk": 72, "fields": {"name": "Can delete InitiativeType", "content_type": 24, "codename": "delete_initiativetype"}}, {"model": "auth.permission", "pk": 73, "fields": {"name": "Can add Comment", "content_type": 25, "codename": "add_comment"}}, {"model": "auth.permission", "pk": 74, "fields": {"name": "Can change Comment", "content_type": 25, "codename": "change_comment"}}, {"model": "auth.permission", "pk": 75, "fields": {"name": "Can delete Comment", "content_type": 25, "codename": "delete_comment"}}, {"model": "auth.permission", "pk": 76, "fields": {"name": "Can add ReviewStatus", "content_type": 26, "codename": "add_reviewstatus"}}, {"model": "auth.permission", "pk": 77, "fields": {"name": "Can change ReviewStatus", "content_type": 26, "codename": "change_reviewstatus"}}, {"model": "auth.permission", "pk": 78, "fields": {"name": "Can delete ReviewStatus", "content_type": 26, "codename": "delete_reviewstatus"}}, {"model": "auth.permission", "pk": 79, "fields": {"name": "Can add MCCRFile", "content_type": 27, "codename": "add_mccrfile"}}, {"model": "auth.permission", "pk": 80, "fields": {"name": "Can change MCCRFile", "content_type": 27, "codename": "change_mccrfile"}}, {"model": "auth.permission", "pk": 81, "fields": {"name": "Can delete MCCRFile", "content_type": 27, "codename": "delete_mccrfile"}}, {"model": "auth.permission", "pk": 82, "fields": {"name": "Can add MCCRRegistry", "content_type": 28, "codename": "add_mccrregistry"}}, {"model": "auth.permission", "pk": 83, "fields": {"name": "Can change MCCRRegistry", "content_type": 28, "codename": "change_mccrregistry"}}, {"model": "auth.permission", "pk": 84, "fields": {"name": "Can delete MCCRRegistry", "content_type": 28, "codename": "delete_mccrregistry"}}, {"model": "auth.permission", "pk": 85, "fields": {"name": "Can add MCCRUserType", "content_type": 29, "codename": "add_mccrusertype"}}, {"model": "auth.permission", "pk": 86, "fields": {"name": "Can change MCCRUserType", "content_type": 29, "codename": "change_mccrusertype"}}, {"model": "auth.permission", "pk": 87, "fields": {"name": "Can delete MCCRUserType", "content_type": 29, "codename": "delete_mccrusertype"}}, {"model": "auth.permission", "pk": 88, "fields": {"name": "Can add MCCR OVV Relation", "content_type": 30, "codename": "add_mccrregistryovvrelation"}}, {"model": "auth.permission", "pk": 89, "fields": {"name": "Can change MCCR OVV Relation", "content_type": 30, "codename": "change_mccrregistryovvrelation"}}, {"model": "auth.permission", "pk": 90, "fields": {"name": "Can delete MCCR OVV Relation", "content_type": 30, "codename": "delete_mccrregistryovvrelation"}}, {"model": "auth.permission", "pk": 91, "fields": {"name": "Can add Organismo Validador Verifador", "content_type": 31, "codename": "add_ovv"}}, {"model": "auth.permission", "pk": 92, "fields": {"name": "Can change Organismo Validador Verifador", "content_type": 31, "codename": "change_ovv"}}, {"model": "auth.permission", "pk": 93, "fields": {"name": "Can delete Organismo Validador Verifador", "content_type": 31, "codename": "delete_ovv"}}, {"model": "auth.permission", "pk": 94, "fields": {"name": "Can add ChangeLog", "content_type": 32, "codename": "add_changelog"}}, {"model": "auth.permission", "pk": 95, "fields": {"name": "Can change ChangeLog", "content_type": 32, "codename": "change_changelog"}}, {"model": "auth.permission", "pk": 96, "fields": {"name": "Can delete ChangeLog", "content_type": 32, "codename": "delete_changelog"}}, {"model": "auth.permission", "pk": 97, "fields": {"name": "Can add Workflow Step", "content_type": 33, "codename": "add_mccrworkflowstep"}}, {"model": "auth.permission", "pk": 98, "fields": {"name": "Can change Workflow Step", "content_type": 33, "codename": "change_mccrworkflowstep"}}, {"model": "auth.permission", "pk": 99, "fields": {"name": "Can delete Workflow Step", "content_type": 33, "codename": "delete_mccrworkflowstep"}}, {"model": "auth.permission", "pk": 100, "fields": {"name": "Can add Workflow Step File", "content_type": 34, "codename": "add_mccrworkflowstepfile"}}, {"model": "auth.permission", "pk": 101, "fields": {"name": "Can change Workflow Step File", "content_type": 34, "codename": "change_mccrworkflowstepfile"}}, {"model": "auth.permission", "pk": 102, "fields": {"name": "Can delete Workflow Step File", "content_type": 34, "codename": "delete_mccrworkflowstepfile"}}, {"model": "auth.permission", "pk": 103, "fields": {"name": "Can add EmissionFactor", "content_type": 35, "codename": "add_emissionfactor"}}, {"model": "auth.permission", "pk": 104, "fields": {"name": "Can change EmissionFactor", "content_type": 35, "codename": "change_emissionfactor"}}, {"model": "auth.permission", "pk": 105, "fields": {"name": "Can delete EmissionFactor", "content_type": 35, "codename": "delete_emissionfactor"}}, {"model": "auth.permission", "pk": 106, "fields": {"name": "Can add InventoryMethodology", "content_type": 36, "codename": "add_inventorymethodology"}}, {"model": "auth.permission", "pk": 107, "fields": {"name": "Can change InventoryMethodology", "content_type": 36, "codename": "change_inventorymethodology"}}, {"model": "auth.permission", "pk": 108, "fields": {"name": "Can delete InventoryMethodology", "content_type": 36, "codename": "delete_inventorymethodology"}}, {"model": "auth.permission", "pk": 109, "fields": {"name": "Can add Organization", "content_type": 37, "codename": "add_organization"}}, {"model": "auth.permission", "pk": 110, "fields": {"name": "Can change Organization", "content_type": 37, "codename": "change_organization"}}, {"model": "auth.permission", "pk": 111, "fields": {"name": "Can delete Organization", "content_type": 37, "codename": "delete_organization"}}, {"model": "auth.permission", "pk": 112, "fields": {"name": "Can add PlusAction", "content_type": 38, "codename": "add_plusaction"}}, {"model": "auth.permission", "pk": 113, "fields": {"name": "Can change PlusAction", "content_type": 38, "codename": "change_plusaction"}}, {"model": "auth.permission", "pk": 114, "fields": {"name": "Can delete PlusAction", "content_type": 38, "codename": "delete_plusaction"}}, {"model": "auth.permission", "pk": 115, "fields": {"name": "Can add PotentialGlobalWarming", "content_type": 39, "codename": "add_potentialglobalwarming"}}, {"model": "auth.permission", "pk": 116, "fields": {"name": "Can change PotentialGlobalWarming", "content_type": 39, "codename": "change_potentialglobalwarming"}}, {"model": "auth.permission", "pk": 117, "fields": {"name": "Can delete PotentialGlobalWarming", "content_type": 39, "codename": "delete_potentialglobalwarming"}}, {"model": "auth.permission", "pk": 118, "fields": {"name": "Can add QuantifiedGas", "content_type": 40, "codename": "add_quantifiedgas"}}, {"model": "auth.permission", "pk": 119, "fields": {"name": "Can change QuantifiedGas", "content_type": 40, "codename": "change_quantifiedgas"}}, {"model": "auth.permission", "pk": 120, "fields": {"name": "Can delete QuantifiedGas", "content_type": 40, "codename": "delete_quantifiedgas"}}, {"model": "auth.permission", "pk": 121, "fields": {"name": "Can add GeiOrganization", "content_type": 41, "codename": "add_geiorganization"}}, {"model": "auth.permission", "pk": 122, "fields": {"name": "Can change GeiOrganization", "content_type": 41, "codename": "change_geiorganization"}}, {"model": "auth.permission", "pk": 123, "fields": {"name": "Can delete GeiOrganization", "content_type": 41, "codename": "delete_geiorganization"}}, {"model": "auth.permission", "pk": 124, "fields": {"name": "Can add RecognitionType", "content_type": 42, "codename": "add_recognitiontype"}}, {"model": "auth.permission", "pk": 125, "fields": {"name": "Can change RecognitionType", "content_type": 42, "codename": "change_recognitiontype"}}, {"model": "auth.permission", "pk": 126, "fields": {"name": "Can delete RecognitionType", "content_type": 42, "codename": "delete_recognitiontype"}}, {"model": "auth.permission", "pk": 127, "fields": {"name": "Can add RequiredLevel", "content_type": 43, "codename": "add_requiredlevel"}}, {"model": "auth.permission", "pk": 128, "fields": {"name": "Can change RequiredLevel", "content_type": 43, "codename": "change_requiredlevel"}}, {"model": "auth.permission", "pk": 129, "fields": {"name": "Can delete RequiredLevel", "content_type": 43, "codename": "delete_requiredlevel"}}, {"model": "auth.permission", "pk": 130, "fields": {"name": "Can add Sector", "content_type": 44, "codename": "add_sector"}}, {"model": "auth.permission", "pk": 131, "fields": {"name": "Can change Sector", "content_type": 44, "codename": "change_sector"}}, {"model": "auth.permission", "pk": 132, "fields": {"name": "Can delete Sector", "content_type": 44, "codename": "delete_sector"}}, {"model": "auth.permission", "pk": 133, "fields": {"name": "Can add SubSector", "content_type": 45, "codename": "add_subsector"}}, {"model": "auth.permission", "pk": 134, "fields": {"name": "Can change SubSector", "content_type": 45, "codename": "change_subsector"}}, {"model": "auth.permission", "pk": 135, "fields": {"name": "Can delete SubSector", "content_type": 45, "codename": "delete_subsector"}}, {"model": "auth.permission", "pk": 136, "fields": {"name": "Can add GeographicLevel", "content_type": 46, "codename": "add_geographiclevel"}}, {"model": "auth.permission", "pk": 137, "fields": {"name": "Can change GeographicLevel", "content_type": 46, "codename": "change_geographiclevel"}}, {"model": "auth.permission", "pk": 138, "fields": {"name": "Can delete GeographicLevel", "content_type": 46, "codename": "delete_geographiclevel"}}, {"model": "auth.permission", "pk": 139, "fields": {"name": "Can add ppcn file", "content_type": 47, "codename": "add_ppcnfile"}}, {"model": "auth.permission", "pk": 140, "fields": {"name": "Can change ppcn file", "content_type": 47, "codename": "change_ppcnfile"}}, {"model": "auth.permission", "pk": 141, "fields": {"name": "Can delete ppcn file", "content_type": 47, "codename": "delete_ppcnfile"}}, {"model": "auth.permission", "pk": 142, "fields": {"name": "Can add PPCN", "content_type": 48, "codename": "add_ppcn"}}, {"model": "auth.permission", "pk": 143, "fields": {"name": "Can change PPCN", "content_type": 48, "codename": "change_ppcn"}}, {"model": "auth.permission", "pk": 144, "fields": {"name": "Can delete PPCN", "content_type": 48, "codename": "delete_ppcn"}}, {"model": "auth.permission", "pk": 145, "fields": {"name": "Can add Workflow Step", "content_type": 49, "codename": "add_ppcnworkflowstep"}}, {"model": "auth.permission", "pk": 146, "fields": {"name": "Can change Workflow Step", "content_type": 49, "codename": "change_ppcnworkflowstep"}}, {"model": "auth.permission", "pk": 147, "fields": {"name": "Can delete Workflow Step", "content_type": 49, "codename": "delete_ppcnworkflowstep"}}, {"model": "auth.permission", "pk": 148, "fields": {"name": "Can add Workflow Step File", "content_type": 50, "codename": "add_ppcnworkflowstepfile"}}, {"model": "auth.permission", "pk": 149, "fields": {"name": "Can change Workflow Step File", "content_type": 50, "codename": "change_ppcnworkflowstepfile"}}, {"model": "auth.permission", "pk": 150, "fields": {"name": "Can delete Workflow Step File", "content_type": 50, "codename": "delete_ppcnworkflowstepfile"}}, {"model": "auth.permission", "pk": 151, "fields": {"name": "Can add ChangeLog", "content_type": 51, "codename": "add_changelog"}}, {"model": "auth.permission", "pk": 152, "fields": {"name": "Can change ChangeLog", "content_type": 51, "codename": "change_changelog"}}, {"model": "auth.permission", "pk": 153, "fields": {"name": "Can delete ChangeLog", "content_type": 51, "codename": "delete_changelog"}}, {"model": "auth.group", "pk": 1, "fields": {"name": "General Administrator", "permissions": []}}, {"model": "auth.group", "pk": 2, "fields": {"name": "Registry Operator", "permissions": []}}, {"model": "auth.group", "pk": 3, "fields": {"name": "Mitigation Action Responsible", "permissions": []}}, {"model": "auth.group", "pk": 4, "fields": {"name": "PPCN Responsible", "permissions": []}}, {"model": "auth.group", "pk": 5, "fields": {"name": "PGAI", "permissions": []}}, {"model": "auth.group", "pk": 6, "fields": {"name": "Validation Organization", "permissions": []}}, {"model": "auth.group", "pk": 7, "fields": {"name": "Government Representative", "permissions": []}}, {"model": "auth.group", "pk": 8, "fields": {"name": "Data Analyst", "permissions": []}}, {"model": "auth.group", "pk": 9, "fields": {"name": "Non-governmental Data Provider", "permissions": []}}, {"model": "auth.group", "pk": 10, "fields": {"name": "Inventory Compiler", "permissions": []}}, {"model": "auth.group", "pk": 11, "fields": {"name": "General User", "permissions": []}}, {"model": "auth.user", "pk": 1, "fields": {"password": "pbkdf2_sha256$36000$PwCaTbhYdhA6$vcMdlqwq8rgjoPNW10CUubumb5QtaekxRYNu5gO+UXI=", "last_login": null, "is_superuser": true, "username": "admin", "first_name": "", "last_name": "", "email": "admin@example.com", "is_staff": true, "is_active": true, "date_joined": "2018-10-21T18:57:29.407Z", "groups": [], "user_permissions": []}}, {"model": "mitigation_action.mitigation", "pk": "7ce44b7b-bffd-4d19-a3f0-a6a0d0e74190", "fields": {"strategy_name": "foo file", "name": "admin", "purpose": "asdasddsa", "quantitative_purpose": "asdas", "start_date": "1990-01-02", "end_date": "1990-01-02", "gas_inventory": "1", "emissions_source": "asdsda", "carbon_sinks": "asdasd", "impact_plan": "dasdasd a", "impact": "adasdads", "bibliographic_sources": "asdasdasd", "is_international": false, "international_participation": "asdasdsd", "sustainability": "asdsadasd", "question_ucc": "asdasd", "question_ovv": "adsadasd", "user": 1, "registration_type": 5, "institution": 1, "contact": 1, "status": 5, "progress_indicator": 1, "finance": 3, "geographic_scale": 5, "location": 1, "review_count": 5, "fsm_state": "submit_INGEI_harmonization_required", "created": "2018-10-28T22:02:43.704Z", "updated": "2018-10-28T22:06:02.429Z", "ingei_compliances": [4], "comments": []}}, {"model": "mitigation_action.mitigation", "pk": "aa08011e-3fb4-4fc9-a74a-924796c72565", "fields": {"strategy_name": "foo file", "name": "asdas", "purpose": "asdadasd asda d", "quantitative_purpose": "no", "start_date": "1990-01-02", "end_date": "1990-01-02", "gas_inventory": "null", "emissions_source": "sad s ad", "carbon_sinks": "asdasd", "impact_plan": "dasdasd a", "impact": "adasdads", "bibliographic_sources": "asdad", "is_international": false, "international_participation": "null", "sustainability": "asdad", "question_ucc": "ads ad", "question_ovv": "123132asda", "user": 1, "registration_type": 5, "institution": 2, "contact": 2, "status": 5, "progress_indicator": 2, "finance": 4, "geographic_scale": 6, "location": 2, "review_count": 0, "fsm_state": "submitted", "created": "2018-10-29T02:22:58.417Z", "updated": "2018-10-29T02:22:58.421Z", "ingei_compliances": [6], "comments": []}}, {"model": "mitigation_action.changelog", "pk": 1, "fields": {"date": "2018-10-28T22:02:43.718Z", "mitigation_action": "7ce44b7b-bffd-4d19-a3f0-a6a0d0e74190", "previous_status": "new", "current_status": "submitted", "user": 1}}, {"model": "mitigation_action.changelog", "pk": 2, "fields": {"date": "2018-10-28T22:03:04.136Z", "mitigation_action": "7ce44b7b-bffd-4d19-a3f0-a6a0d0e74190", "previous_status": "submitted", "current_status": "in_evaluation_by_DCC", "user": 1}}, {"model": "mitigation_action.changelog", "pk": 3, "fields": {"date": "2018-10-28T22:03:15.391Z", "mitigation_action": "7ce44b7b-bffd-4d19-a3f0-a6a0d0e74190", "previous_status": "in_evaluation_by_DCC", "current_status": "decision_step_DCC", "user": 1}}, {"model": "mitigation_action.changelog", "pk": 4, "fields": {"date": "2018-10-28T22:03:37.680Z", "mitigation_action": "7ce44b7b-bffd-4d19-a3f0-a6a0d0e74190", "previous_status": "decision_step_DCC", "current_status": "registering", "user": 1}}, {"model": "mitigation_action.changelog", "pk": 5, "fields": {"date": "2018-10-28T22:05:55.728Z", "mitigation_action": "7ce44b7b-bffd-4d19-a3f0-a6a0d0e74190", "previous_status": "registering", "current_status": "in_evaluation_INGEI_by_DCC_IMN", "user": 1}}, {"model": "mitigation_action.changelog", "pk": 6, "fields": {"date": "2018-10-28T22:06:02.449Z", "mitigation_action": "7ce44b7b-bffd-4d19-a3f0-a6a0d0e74190", "previous_status": "in_evaluation_INGEI_by_DCC_IMN", "current_status": "submit_INGEI_harmonization_required", "user": 1}}, {"model": "mitigation_action.changelog", "pk": 7, "fields": {"date": "2018-10-29T02:22:58.430Z", "mitigation_action": "aa08011e-3fb4-4fc9-a74a-924796c72565", "previous_status": "new", "current_status": "submitted", "user": 1}}, {"model": "mitigation_action.maworkflowstep", "pk": 1, "fields": {"user": 1, "mitigation_action": "7ce44b7b-bffd-4d19-a3f0-a6a0d0e74190", "name": "harmonization_ingei", "entry_name": "LGTM!", "status": "approved", "created": "2018-10-28T22:08:56.791Z", "updated": "2018-10-28T22:08:56.791Z"}}, {"model": "mitigation_action.maworkflowstep", "pk": 2, "fields": {"user": 1, "mitigation_action": "7ce44b7b-bffd-4d19-a3f0-a6a0d0e74190", "name": "harmonization_ingei", "entry_name": "LGTM 2", "status": "approved", "created": "2018-10-28T22:10:31.291Z", "updated": "2018-10-28T22:10:31.291Z"}}, {"model": "mitigation_action.maworkflowstep", "pk": 3, "fields": {"user": 1, "mitigation_action": "7ce44b7b-bffd-4d19-a3f0-a6a0d0e74190", "name": "harmonization_ingei", "entry_name": "LGTM 3", "status": "approved", "created": "2018-10-28T22:11:45.646Z", "updated": "2018-10-28T22:11:45.646Z"}}, {"model": "mitigation_action.maworkflowstep", "pk": 4, "fields": {"user": 1, "mitigation_action": "7ce44b7b-bffd-4d19-a3f0-a6a0d0e74190", "name": "harmonization_ingei", "entry_name": "asd", "status": "approved", "created": "2018-10-29T00:23:49.594Z", "updated": "2018-10-29T00:23:49.594Z"}}, {"model": "mitigation_action.maworkflowstep", "pk": 5, "fields": {"user": 1, "mitigation_action": "7ce44b7b-bffd-4d19-a3f0-a6a0d0e74190", "name": "harmonization_ingei", "entry_name": "asdasd", "status": "approved", "created": "2018-10-29T00:29:55.886Z", "updated": "2018-10-29T00:29:55.886Z"}}, {"model": "mitigation_action.maworkflowstepfile", "pk": 1, "fields": {"user": 1, "workflow_step": 1, "file": "mitigation_actions/workflow_steps/harmonization_ingei/20181028/220856/harmonization_proposal.xlsx", "created": "2018-10-28T22:09:00.272Z", "updated": "2018-10-28T22:09:00.272Z"}}, {"model": "mitigation_action.maworkflowstepfile", "pk": 2, "fields": {"user": 1, "workflow_step": 2, "file": "mitigation_actions/workflow_steps/harmonization_ingei/20181028/221031/harmonization_proposal.xlsx", "created": "2018-10-28T22:10:33.945Z", "updated": "2018-10-28T22:10:33.945Z"}}, {"model": "mitigation_action.maworkflowstepfile", "pk": 3, "fields": {"user": 1, "workflow_step": 3, "file": "mitigation_actions/workflow_steps/harmonization_ingei/20181028/221145/harmonization_proposal.xlsx", "created": "2018-10-28T22:11:48.847Z", "updated": "2018-10-28T22:11:48.847Z"}}, {"model": "mitigation_action.maworkflowstepfile", "pk": 4, "fields": {"user": 1, "workflow_step": 4, "file": "mitigation_actions/workflow_steps/harmonization_ingei/20181029/002349/harmonization_proposal.xlsx", "created": "2018-10-29T00:23:54.306Z", "updated": "2018-10-29T00:23:54.306Z"}}, {"model": "mitigation_action.maworkflowstepfile", "pk": 5, "fields": {"user": 1, "workflow_step": 5, "file": "mitigation_actions/workflow_steps/harmonization_ingei/20181029/002955/harmonization_proposal.xlsx", "created": "2018-10-29T00:29:59.640Z", "updated": "2018-10-29T00:29:59.640Z"}}]